{
  "best_epoch": 16,
  "best_val_rmse": 1.338053584098816,
  "val": {
    "rmse": 1.338053584098816,
    "mae": 0.8884156346321106,
    "r2": 0.9531955331420904
  },
  "test": {
    "rmse": 1.3918635845184326,
    "mae": 0.8907725214958191,
    "r2": 0.9531473535446499
  },
  "elapsed_seconds": 29.441675901412964,
  "n_features": 9
}