{
  "best_epoch": 4,
  "best_val_rmse": 3.461585521697998,
  "val": {
    "rmse": 3.461585521697998,
    "mae": 2.586146831512451,
    "r2": 0.6867504119873047
  },
  "test": {
    "rmse": 3.556300163269043,
    "mae": 2.772110939025879,
    "r2": 0.694129467010498
  },
  "elapsed_seconds": 11.704832077026367
}