{
  "best_epoch": 16,
  "best_val_rmse": 1.2272294759750366,
  "val": {
    "rmse": 1.2272294759750366,
    "mae": 0.7108026742935181,
    "r2": 0.9606168270111084
  },
  "test": {
    "rmse": 1.3081644773483276,
    "mae": 0.7540795207023621,
    "r2": 0.9586752653121948
  },
  "elapsed_seconds": 22.219027280807495
}