{
  "best_epoch": 19,
  "best_val_rmse": 1.395339012145996,
  "val": {
    "rmse": 1.395339012145996,
    "mae": 0.9253048896789551,
    "r2": 0.9491021057936206
  },
  "test": {
    "rmse": 1.4938055276870728,
    "mae": 0.9713234305381775,
    "r2": 0.9460329239659014
  },
  "elapsed_seconds": 26.522814989089966,
  "n_features": 9
}