{
  "best_epoch": 20,
  "best_val_rmse": 1.3000109195709229,
  "val": {
    "rmse": 1.3000109195709229,
    "mae": 0.8528550267219543,
    "r2": 0.9558191220395865
  },
  "test": {
    "rmse": 1.4690386056900024,
    "mae": 0.9336562156677246,
    "r2": 0.9478076063999777
  },
  "elapsed_seconds": 4.818825006484985,
  "n_features": 9
}