{
  "best_epoch": 21,
  "best_val_rmse": 1.284930944442749,
  "val": {
    "rmse": 1.284930944442749,
    "mae": 0.8433448672294617,
    "r2": 0.9568381668068818
  },
  "test": {
    "rmse": 1.3904573917388916,
    "mae": 0.8960192203521729,
    "r2": 0.953241974043018
  },
  "elapsed_seconds": 25.666592836380005,
  "n_features": 9
}