seed,val_rmse,val_mae,val_r2,test_rmse,test_mae,test_r2
7,1.1334441900253296,0.6664592027664185,0.9664061665534973,1.286575436592102,0.7592819333076477,0.9600279927253723
42,1.1633145809173584,0.669669508934021,0.9646122455596924,1.3172358274459839,0.7666540741920471,0.9581001400947571
123,1.1901001930236816,0.7090425491333008,0.9629638195037842,1.295939326286316,0.7565786838531494,0.959443986415863
