model,data_sources,n,rmse,mae,bias,r2
Persistence,Recent salinity,2752,1.3277161375626227,0.730218022222944,-0.020930210379001637,0.9574307325063011
LSTM-S,Salinity history,2752,1.2654153357510927,0.7041295155603741,-0.0674617293186957,0.9613319834058623
MS-LSTM ensemble,Salinity + ERA5-Land + Sentinel-2,2752,1.2783743854867975,0.7460503499131588,-0.004641507903386838,0.9605359339053068
