{
  "best_epoch": 2,
  "best_val_rmse": 2.7606613636016846,
  "val": {
    "rmse": 2.7606613636016846,
    "mae": 2.071504592895508,
    "r2": 0.8007645751535262
  },
  "test": {
    "rmse": 2.5442888736724854,
    "mae": 1.8433752059936523,
    "r2": 0.8434426015122525
  },
  "elapsed_seconds": 15.65103006362915,
  "n_features": 9
}