{
  "best_epoch": 14,
  "best_val_rmse": 1.2597250938415527,
  "val": {
    "rmse": 1.2597250938415527,
    "mae": 0.8163864016532898,
    "r2": 0.9585149218004567
  },
  "test": {
    "rmse": 1.4195232391357422,
    "mae": 0.9090395569801331,
    "r2": 0.9512667056880972
  },
  "elapsed_seconds": 19.788797855377197,
  "n_features": 9
}