{
  "best_epoch": 1,
  "best_val_rmse": 3.612910747528076,
  "val": {
    "rmse": 3.612910747528076,
    "mae": 2.653960943222046,
    "r2": 0.6587640643119812
  },
  "test": {
    "rmse": 3.490216016769409,
    "mae": 2.675917148590088,
    "r2": 0.7053914070129395
  },
  "elapsed_seconds": 9.283687829971313
}