{
  "best_epoch": 14,
  "best_val_rmse": 1.2065225839614868,
  "val": {
    "rmse": 1.2065225839614868,
    "mae": 0.6757033467292786,
    "r2": 0.9619346261024475
  },
  "test": {
    "rmse": 1.2941302061080933,
    "mae": 0.7404726147651672,
    "r2": 0.9595571756362915
  },
  "elapsed_seconds": 13.113290071487427
}