{
  "best_epoch": 3,
  "best_val_rmse": 2.519609212875366,
  "val": {
    "rmse": 2.519609212875366,
    "mae": 1.8222174644470215,
    "r2": 0.834876537322998
  },
  "test": {
    "rmse": 2.8017046451568604,
    "mae": 2.016188383102417,
    "r2": 0.8121646642684937
  },
  "elapsed_seconds": 19.79615807533264
}