{
  "best_epoch": 2,
  "best_val_rmse": 2.0102720260620117,
  "val": {
    "rmse": 2.0102720260620117,
    "mae": 1.4688820838928223,
    "r2": 0.8943547435145117
  },
  "test": {
    "rmse": 2.0577239990234375,
    "mae": 1.5508428812026978,
    "r2": 0.8975964409649144
  },
  "elapsed_seconds": 10.546241044998169,
  "n_features": 49
}