{
  "best_epoch": 5,
  "best_val_rmse": 2.586509943008423,
  "val": {
    "rmse": 2.586509943008423,
    "mae": 1.8199166059494019,
    "r2": 0.8259913921356201
  },
  "test": {
    "rmse": 2.6197352409362793,
    "mae": 1.8126035928726196,
    "r2": 0.835771918296814
  },
  "elapsed_seconds": 22.492465019226074
}