{
  "best_epoch": 8,
  "best_val_rmse": 2.5548176765441895,
  "val": {
    "rmse": 2.5548176765441895,
    "mae": 1.825638771057129,
    "r2": 0.8302295207977295
  },
  "test": {
    "rmse": 2.849323272705078,
    "mae": 2.052736759185791,
    "r2": 0.8057253360748291
  },
  "elapsed_seconds": 25.8103129863739
}