{
  "best_epoch": 4,
  "best_val_rmse": 2.7111873626708984,
  "val": {
    "rmse": 2.7111873626708984,
    "mae": 2.0141360759735107,
    "r2": 0.8078416069544444
  },
  "test": {
    "rmse": 2.8838632106781006,
    "mae": 2.162257194519043,
    "r2": 0.7988638524648004
  },
  "elapsed_seconds": 6.326020956039429,
  "n_features": 23
}