{
  "best_epoch": 7,
  "best_val_rmse": 2.2810206413269043,
  "val": {
    "rmse": 2.2810206413269043,
    "mae": 1.6898177862167358,
    "r2": 0.8639812484051381
  },
  "test": {
    "rmse": 2.5168628692626953,
    "mae": 1.8169543743133545,
    "r2": 0.8467996092544203
  }
}