{
  "best_epoch": 16,
  "best_val_rmse": 1.328575849533081,
  "val": {
    "rmse": 1.328575849533081,
    "mae": 0.9047116041183472,
    "r2": 0.9538562340364035
  },
  "test": {
    "rmse": 1.4797207117080688,
    "mae": 0.9743789434432983,
    "r2": 0.9470458107098945
  },
  "elapsed_seconds": 6.471199035644531,
  "n_features": 9
}