{
  "best_epoch": 15,
  "best_val_rmse": 1.96707284450531,
  "val": {
    "rmse": 1.96707284450531,
    "mae": 1.4568092823028564,
    "r2": 0.8988464273508661
  },
  "test": {
    "rmse": 1.9399675130844116,
    "mae": 1.4503931999206543,
    "r2": 0.9089814916226185
  },
  "elapsed_seconds": 23.409635066986084,
  "n_features": 49
}