{
  "best_epoch": 14,
  "best_val_rmse": 1.270020604133606,
  "val": {
    "rmse": 1.270020604133606,
    "mae": 0.7484326958656311,
    "r2": 0.9578225016593933
  },
  "test": {
    "rmse": 1.3160276412963867,
    "mae": 0.7750647664070129,
    "r2": 0.9581769704818726
  },
  "elapsed_seconds": 8.651181936264038
}