{
  "best_epoch": 9,
  "best_val_rmse": 1.2291923761367798,
  "val": {
    "rmse": 1.2291923761367798,
    "mae": 0.684215784072876,
    "r2": 0.9605101346969604
  },
  "test": {
    "rmse": 1.2791364192962646,
    "mae": 0.7187567353248596,
    "r2": 0.9604888558387756
  },
  "elapsed_seconds": 5.533159971237183
}