{
  "best_epoch": 6,
  "best_val_rmse": 2.717863082885742,
  "val": {
    "rmse": 2.717863082885742,
    "mae": 2.02755069732666,
    "r2": 0.8068941401304708
  },
  "test": {
    "rmse": 2.757902145385742,
    "mae": 1.9927148818969727,
    "r2": 0.8160505312881172
  },
  "elapsed_seconds": 18.707138061523438,
  "n_features": 9
}