{
  "best_epoch": 5,
  "best_val_rmse": 1.910506248474121,
  "val": {
    "rmse": 1.910506248474121,
    "mae": 1.3990694284439087,
    "r2": 0.9045804704410682
  },
  "test": {
    "rmse": 1.9955006837844849,
    "mae": 1.4812551736831665,
    "r2": 0.9036959574642568
  },
  "elapsed_seconds": 4.191910982131958,
  "n_features": 49
}