{
  "best_epoch": 2,
  "best_val_rmse": 2.7053823471069336,
  "val": {
    "rmse": 2.7053823471069336,
    "mae": 1.9555201530456543,
    "r2": 0.8086635720129285
  },
  "test": {
    "rmse": 2.6115593910217285,
    "mae": 1.9709287881851196,
    "r2": 0.8350544583602035
  },
  "elapsed_seconds": 5.568796873092651,
  "n_features": 23
}