{
  "best_epoch": 15,
  "best_val_rmse": 1.190697431564331,
  "val": {
    "rmse": 1.190697431564331,
    "mae": 0.6945199370384216,
    "r2": 0.9629266262054443
  },
  "test": {
    "rmse": 1.2991209030151367,
    "mae": 0.7453650832176208,
    "r2": 0.9592446088790894
  },
  "elapsed_seconds": 12.029207944869995
}