{
  "best_epoch": 11,
  "best_val_rmse": 2.4350621700286865,
  "val": {
    "rmse": 2.4350621700286865,
    "mae": 1.8416043519973755,
    "r2": 0.8449897526861514
  },
  "test": {
    "rmse": 2.3014066219329834,
    "mae": 1.7414724826812744,
    "r2": 0.8719063903194704
  },
  "elapsed_seconds": 11.508471012115479,
  "n_features": 97
}