{
  "best_epoch": 1,
  "best_val_rmse": 2.8360066413879395,
  "val": {
    "rmse": 2.8360066413879395,
    "mae": 2.1611907482147217,
    "r2": 0.7897409051417691
  },
  "test": {
    "rmse": 2.747509717941284,
    "mae": 2.009519338607788,
    "r2": 0.8174342799827485
  },
  "elapsed_seconds": 14.064058780670166,
  "n_features": 9
}