{
  "best_epoch": 5,
  "best_val_rmse": 1.9761158227920532,
  "val": {
    "rmse": 1.9761158227920532,
    "mae": 1.4385550022125244,
    "r2": 0.8979142472371638
  },
  "test": {
    "rmse": 1.9380502700805664,
    "mae": 1.4517613649368286,
    "r2": 0.9091613076054804
  },
  "elapsed_seconds": 7.863983154296875,
  "n_features": 49
}