{
  "best_epoch": 17,
  "best_val_rmse": 1.1633145809173584,
  "val": {
    "rmse": 1.1633145809173584,
    "mae": 0.669669508934021,
    "r2": 0.9646122455596924
  },
  "test": {
    "rmse": 1.3172358274459839,
    "mae": 0.7666540741920471,
    "r2": 0.9581001400947571
  },
  "elapsed_seconds": 22.872449159622192
}