model,n,rmse,mae,bias,r2
LSTM ensemble,2596,2.555568076068665,1.8396393010750642,0.11837012942501285,0.8402378035615015
Persistence t-7,2596,3.177978173802122,2.138212654695686,-0.04942222685285055,0.7529408548711392
