seed,rmse,mae,r2,test_rmse,test_mae,test_r2
7,1.2597250938415527,0.8163864016532898,0.9585149218004567,1.4195232391357422,0.9090395569801331,0.9512667056880972
42,1.284930944442749,0.8433448672294617,0.9568381668068818,1.3904573917388916,0.8960192203521729,0.953241974043018
123,1.2781848907470703,0.7930206656455994,0.9572901876790584,1.3703436851501465,0.847373366355896,0.954584953379982
