model,n,rmse,mae,bias,r2
LSTM ensemble (3 seeds),2774,1.3704414463247783,0.8555227422806694,-0.05024052863725426,0.954578467595742
