model,n,rmse,mae,bias,r2
LSTM ensemble (3 seeds),2774,2.5587367012091558,1.8521319459827683,0.14629709324849796,0.8416595006739918
