trial,feature_set,horizon,lookback,hidden_size,num_layers,dropout,loss,seed,best_epoch,n_features,val_rmse,val_mae,val_r2,test_rmse,test_mae,test_r2,elapsed_seconds
h07_weather,weather,7,30,64,1,0.1,huber,42,4,23,2.7111873626708984,2.0141360759735107,0.8078416069544444,2.8838632106781006,2.162257194519043,0.7988638524648004,6.326020956039429
h07_sal_s07,salinity,7,30,128,1,0.15,huber,7,6,9,2.717863082885742,2.02755069732666,0.8068941401304708,2.757902145385742,1.9927148818969727,0.8160505312881172,18.707138061523438
h07_sal,salinity,7,30,128,1,0.15,huber,42,2,9,2.7606613636016846,2.071504592895508,0.8007645751535262,2.5442888736724854,1.8433752059936523,0.8434426015122525,15.65103006362915
h07_sal_s123,salinity,7,30,128,1,0.15,huber,123,1,9,2.8360066413879395,2.1611907482147217,0.7897409051417691,2.747509717941284,2.009519338607788,0.8174342799827485,14.064058780670166
