{
  "best_epoch": 35,
  "best_val_rmse": 1.3219305276870728,
  "val": {
    "rmse": 1.3219305276870728,
    "mae": 0.8450651168823242,
    "r2": 0.954316685790193
  },
  "test": {
    "rmse": 1.4227964878082275,
    "mae": 0.8856773972511292,
    "r2": 0.9510416930601111
  },
  "elapsed_seconds": 21.64486026763916,
  "n_features": 9
}