{
  "best_epoch": 4,
  "best_val_rmse": 1.2201658487319946,
  "val": {
    "rmse": 1.2201658487319946,
    "mae": 0.662864625453949,
    "r2": 0.961068868637085
  },
  "test": {
    "rmse": 1.2654153108596802,
    "mae": 0.7041295170783997,
    "r2": 0.9613319635391235
  },
  "elapsed_seconds": 11.270309209823608
}