{
  "best_epoch": 18,
  "best_val_rmse": 1.3558452129364014,
  "val": {
    "rmse": 1.3558452129364014,
    "mae": 0.8965668082237244,
    "r2": 0.9519425736852289
  },
  "test": {
    "rmse": 1.4241225719451904,
    "mae": 0.9081260561943054,
    "r2": 0.9509503972843427
  },
  "elapsed_seconds": 9.450221061706543,
  "n_features": 9
}