{
  "best_epoch": 28,
  "best_val_rmse": 1.3666000366210938,
  "val": {
    "rmse": 1.3666000366210938,
    "mae": 0.9283618330955505,
    "r2": 0.951177146263785
  },
  "test": {
    "rmse": 1.431993007659912,
    "mae": 0.9314306378364563,
    "r2": 0.9504067519266874
  },
  "elapsed_seconds": 31.807096004486084,
  "n_features": 9
}