{
  "best_epoch": 4,
  "best_val_rmse": 2.279569387435913,
  "val": {
    "rmse": 2.279569387435913,
    "mae": 1.6667863130569458,
    "r2": 0.8641542916463134
  },
  "test": {
    "rmse": 2.1376616954803467,
    "mae": 1.628163456916809,
    "r2": 0.889485624801964
  },
  "elapsed_seconds": 19.460119247436523,
  "n_features": 49
}