{
  "best_epoch": 4,
  "best_val_rmse": 2.287583112716675,
  "val": {
    "rmse": 2.287583112716675,
    "mae": 1.6608161926269531,
    "r2": 0.8631974904594308
  },
  "test": {
    "rmse": 2.3079655170440674,
    "mae": 1.6679424047470093,
    "r2": 0.871175215281961
  },
  "elapsed_seconds": 11.251039981842041,
  "n_features": 9
}