{
  "best_epoch": 6,
  "best_val_rmse": 1.8118075132369995,
  "val": {
    "rmse": 1.8118075132369995,
    "mae": 1.287774682044983,
    "r2": 0.9141847568423586
  },
  "test": {
    "rmse": 1.6596285104751587,
    "mae": 1.1692698001861572,
    "r2": 0.9333864539716038
  },
  "elapsed_seconds": 7.868964672088623,
  "n_features": 23
}