{
  "best_epoch": 13,
  "best_val_rmse": 1.1901001930236816,
  "val": {
    "rmse": 1.1901001930236816,
    "mae": 0.7090425491333008,
    "r2": 0.9629638195037842
  },
  "test": {
    "rmse": 1.295939326286316,
    "mae": 0.7565786838531494,
    "r2": 0.959443986415863
  },
  "elapsed_seconds": 19.136208057403564
}