{
  "best_epoch": 5,
  "best_val_rmse": 2.51900315284729,
  "val": {
    "rmse": 2.51900315284729,
    "mae": 1.7674119472503662,
    "r2": 0.8349559307098389
  },
  "test": {
    "rmse": 2.9139583110809326,
    "mae": 2.0450658798217773,
    "r2": 0.7968114018440247
  },
  "elapsed_seconds": 22.533931970596313
}