{
  "best_epoch": 14,
  "best_val_rmse": 1.2624444961547852,
  "val": {
    "rmse": 1.2624444961547852,
    "mae": 0.8242865800857544,
    "r2": 0.9583356169990692
  },
  "test": {
    "rmse": 1.4232559204101562,
    "mae": 0.907274603843689,
    "r2": 0.9510100720108522
  },
  "elapsed_seconds": 22.41788601875305,
  "n_features": 9
}