{
  "best_epoch": 21,
  "best_val_rmse": 1.1334441900253296,
  "val": {
    "rmse": 1.1334441900253296,
    "mae": 0.6664592027664185,
    "r2": 0.9664061665534973
  },
  "test": {
    "rmse": 1.286575436592102,
    "mae": 0.7592819333076477,
    "r2": 0.9600279927253723
  },
  "elapsed_seconds": 26.888938903808594
}