{
  "best_epoch": 12,
  "best_val_rmse": 1.2066010236740112,
  "val": {
    "rmse": 1.2066010236740112,
    "mae": 0.6984288096427917,
    "r2": 0.9619296789169312
  },
  "test": {
    "rmse": 1.3055057525634766,
    "mae": 0.7597221732139587,
    "r2": 0.9588430523872375
  },
  "elapsed_seconds": 10.693031311035156
}