{
  "best_epoch": 22,
  "best_val_rmse": 1.2781848907470703,
  "val": {
    "rmse": 1.2781848907470703,
    "mae": 0.7930206656455994,
    "r2": 0.9572901876790584
  },
  "test": {
    "rmse": 1.3703436851501465,
    "mae": 0.847373366355896,
    "r2": 0.954584953379982
  },
  "elapsed_seconds": 26.931886911392212,
  "n_features": 9
}